repository_name;pipeline_name;logs_url;fix_time
airbnb/lottie-android;Validate;https://api.github.com/repos/airbnb/lottie-android/actions/runs/6067143941/logs;-1 day, 2:00:51
airbnb/lottie-android;Validate;https://api.github.com/repos/airbnb/lottie-android/actions/runs/6067127365/logs;-1 day, 2:05:48
airbnb/lottie-android;Validate;https://api.github.com/repos/airbnb/lottie-android/actions/runs/5569374310/logs;-1 day, 23:42:47
airbnb/lottie-android;Post PR comment;https://api.github.com/repos/airbnb/lottie-android/actions/runs/6067136279/logs;-1 day, 2:00:12
dbeaver/dbeaver;Maven Build Verify;https://api.github.com/repos/dbeaver/dbeaver/actions/runs/2534756674/logs;-1 day, 21:29:00
dbeaver/dbeaver;Maven Build Verify;https://api.github.com/repos/dbeaver/dbeaver/actions/runs/2534639595/logs;-1 day, 21:51:20
dbeaver/dbeaver;Maven Build Verify;https://api.github.com/repos/dbeaver/dbeaver/actions/runs/2534555638/logs;-1 day, 22:06:36
dbeaver/dbeaver;Maven Build Verify;https://api.github.com/repos/dbeaver/dbeaver/actions/runs/2533960247/logs;-1 day, 23:51:05
dbeaver/dbeaver;Maven Build Verify;https://api.github.com/repos/dbeaver/dbeaver/actions/runs/2533517719/logs;-1 day, 7:20:03
dbeaver/dbeaver;Maven Build Verify;https://api.github.com/repos/dbeaver/dbeaver/actions/runs/2531556471/logs;-1 day, 16:48:51
dbeaver/dbeaver;Maven Build Verify;https://api.github.com/repos/dbeaver/dbeaver/actions/runs/2531495127/logs;-1 day, 17:03:43
dbeaver/dbeaver;Maven Build Verify;https://api.github.com/repos/dbeaver/dbeaver/actions/runs/2531445849/logs;-1 day, 17:16:41
dbeaver/dbeaver;Maven Build Verify;https://api.github.com/repos/dbeaver/dbeaver/actions/runs/2531366273/logs;-1 day, 17:33:13
dbeaver/dbeaver;Maven Build Verify;https://api.github.com/repos/dbeaver/dbeaver/actions/runs/2530328728/logs;-1 day, 21:32:07
dbeaver/dbeaver;Maven Build Verify;https://api.github.com/repos/dbeaver/dbeaver/actions/runs/2529616140/logs;-1 day, 23:38:47
dbeaver/dbeaver;Maven Build Verify;https://api.github.com/repos/dbeaver/dbeaver/actions/runs/2528004680/logs;-1 day, 4:35:59
dbeaver/dbeaver;Maven Build Verify;https://api.github.com/repos/dbeaver/dbeaver/actions/runs/2520957983/logs;-1 day, 19:05:35
xkcoding/spring-boot-demo;自动化编译检查;https://api.github.com/repos/xkcoding/spring-boot-demo/actions/runs/3219578763/logs;-13 days, 14:01:19
xkcoding/spring-boot-demo;自动化编译检查;https://api.github.com/repos/xkcoding/spring-boot-demo/actions/runs/2993762016/logs;-1 day, 23:54:04
alibaba/Sentinel;Sentinel CI;https://api.github.com/repos/alibaba/Sentinel/actions/runs/5878511252/logs;-1 day, 22:43:37
alibaba/Sentinel;Sentinel CI;https://api.github.com/repos/alibaba/Sentinel/actions/runs/5877827682/logs;-1 day, 23:59:53
alibaba/Sentinel;Sentinel CI;https://api.github.com/repos/alibaba/Sentinel/actions/runs/5876333448/logs;-1 day, 22:22:56
alibaba/Sentinel;Sentinel CI;https://api.github.com/repos/alibaba/Sentinel/actions/runs/5876324268/logs;-1 day, 22:23:51
alibaba/Sentinel;Sentinel CI;https://api.github.com/repos/alibaba/Sentinel/actions/runs/5876245779/logs;-1 day, 22:31:39
alibaba/Sentinel;Sentinel CI;https://api.github.com/repos/alibaba/Sentinel/actions/runs/5875827254/logs;-1 day, 23:20:14
alibaba/Sentinel;Sentinel CI;https://api.github.com/repos/alibaba/Sentinel/actions/runs/5875748256/logs;-1 day, 23:28:53
alibaba/Sentinel;Sentinel CI;https://api.github.com/repos/alibaba/Sentinel/actions/runs/5875299769/logs;-9 days, 19:20:13
alibaba/Sentinel;Sentinel CI;https://api.github.com/repos/alibaba/Sentinel/actions/runs/5866797018/logs;-8 days, 13:31:41
alibaba/Sentinel;Sentinel CI;https://api.github.com/repos/alibaba/Sentinel/actions/runs/5760128946/logs;-5 days, 15:18:45
alibaba/Sentinel;Sentinel CI;https://api.github.com/repos/alibaba/Sentinel/actions/runs/5757986193/logs;-5 days, 20:38:59
alibaba/Sentinel;Sentinel CI;https://api.github.com/repos/alibaba/Sentinel/actions/runs/5652248174/logs;-1 day, 6:39:21
Anuken/Mindustry;Deployment;https://api.github.com/repos/Anuken/Mindustry/actions/runs/4955795714/logs;-1 day, 13:23:31
Anuken/Mindustry;Deployment;https://api.github.com/repos/Anuken/Mindustry/actions/runs/3444639511/logs;-3 days, 15:41:26
Anuken/Mindustry;Pull Request Tests;https://api.github.com/repos/Anuken/Mindustry/actions/runs/6339641617/logs;-1 day, 23:39:15
Anuken/Mindustry;Pull Request Tests;https://api.github.com/repos/Anuken/Mindustry/actions/runs/6339617459/logs;-1 day, 23:41:09
Anuken/Mindustry;Tests;https://api.github.com/repos/Anuken/Mindustry/actions/runs/6382526242/logs;-1 day, 1:52:26
Anuken/Mindustry;Tests;https://api.github.com/repos/Anuken/Mindustry/actions/runs/6372703845/logs;-1 day, 22:54:07
